<?xml version="1.0" encoding="UTF-8"?>
<project-private xmlns="http://www.netbeans.org/ns/project-private/1">
    <editor-bookmarks xmlns="http://www.netbeans.org/ns/editor-bookmarks/2" lastBookmarkId="0"/>
    <open-files xmlns="http://www.netbeans.org/ns/projectui-open-files/2">
        <group>
            <file>file:/E:/Java/NetBeansProjects/SecondServlet/src/java/SDashboard.java</file>
            <file>file:/E:/Java/NetBeansProjects/SecondServlet/web/Profile.html</file>
            <file>file:/E:/Java/NetBeansProjects/SecondServlet/web/WEB-INF/web.xml</file>
            <file>file:/E:/Java/NetBeansProjects/SecondServlet/src/java/Logout.java</file>
            <file>file:/E:/Java/NetBeansProjects/SecondServlet/src/java/Login.java</file>
            <file>file:/E:/Java/NetBeansProjects/SecondServlet/web/index.html</file>
            <file>file:/E:/Java/NetBeansProjects/SecondServlet/src/java/RegistrationData.java</file>
            <file>file:/E:/Java/NetBeansProjects/SecondServlet/src/java/LoginData.java</file>
            <file>file:/E:/Java/NetBeansProjects/SecondServlet/web/Login.html</file>
            <file>file:/E:/Java/NetBeansProjects/SecondServlet/src/java/Profile.java</file>
        </group>
    </open-files>
</project-private>
